username,userid,profile_location,created_at,text,retweet_count,source,coordinates
Majestic Feline,1597419296438861825,Kansas City MO,2023-01-22 21:12:56,@katiehobbs Guns don't kill people. People kill people. Try locking up violent criminals before assaulting rights.,0,Twitter Web App,
Brian W. Peterson,2902244659,Kansas City,2023-01-22 21:06:48,@SirHardHarry It's not just a US problem. Dig into the stats and you'll see the press says this despite the facts.‚Ä¶ https://t.co/zuL6BQ0CmT,0,Twitter Web App,
Joni Lane,825946830,"Kansas City, MO",2023-01-22 20:57:56,@Raquel_MiamiBch I agree. They cannot call themselves pro-life and support the death penalty and guns guns guns.,0,Twitter for Android,
Mr. Red Eagle Trader,1584091850,"Kansas City, MO",2023-01-22 20:57:15,"@Chomusuke0916 @YoElSupremembo @merrymommy @Manxcyberman @itsJeffTiedrich Semi-automatic rifles including ""AR-15s""‚Ä¶ https://t.co/JzCQGhvhGm",0,Twitter for Android,
Mr. Red Eagle Trader,1584091850,"Kansas City, MO",2023-01-22 20:49:33,@Chomusuke0916 @YoElSupremembo @merrymommy @Manxcyberman @itsJeffTiedrich If the US could magically ban &amp; destroy a‚Ä¶ https://t.co/7pN0uL4AIH,0,Twitter for Android,
OSU1984,1334852045636046849,"Shawnee, KS",2023-01-22 20:44:39,@ninaturner Tell me you know absolutely nothing about guns without telling me you are anti 2nd amendment,0,Twitter for iPhone,
Mr. Red Eagle Trader,1584091850,"Kansas City, MO",2023-01-22 20:32:40,@chmorley @thanksbutno___ @Manxcyberman @itsJeffTiedrich Cartels that already buy chemicals from Asia could also bu‚Ä¶ https://t.co/WCkejPPjC6,0,Twitter for Android,
Mr. Red Eagle Trader,1584091850,"Kansas City, MO",2023-01-22 20:21:08,"@Chomusuke0916 @YoElSupremembo @merrymommy @Manxcyberman @itsJeffTiedrich Sure, but why stop in Mexico?  Drugs smug‚Ä¶ https://t.co/uDsvRybuff",0,Twitter for Android,
Stewart,1266927285149499392,"Overland Park, KS",2023-01-22 19:25:29,"@itsJeffTiedrich Yeah, a law will stop this, just like it does drug use. Guns are a part of American culture and 99‚Ä¶ https://t.co/HmxXAYQUPz",0,Twitter for iPhone,
üè≥Ô∏è‚Äçüåàbriüè≥Ô∏è‚Äçüåà,2167677079,"Kansas City, MO",2023-01-22 19:21:50,"@randomlyjme It's exhausting. But, guns aren't the problem. üôÑ",0,Twitter Web App,
kelly dawson,370074441,"Kansas City, MO",2023-01-22 19:16:41,"In a 1,000 yrs people will look back on our society as one of the most baffling and insane socities to ever exist.‚Ä¶ https://t.co/Z1776lFUAz",0,Twitter for Android,
Toni Bones,2351051454,"Kansas City, Mo",2023-01-22 18:51:22,"@davidhogg111 @POTUS Yeah, so only criminals have guns and people can't protect themselves. This is why you homesch‚Ä¶ https://t.co/Nr9UZSaf9p",0,Twitter for Android,
OSU1984,1334852045636046849,"Shawnee, KS",2023-01-22 18:24:49,@ninaturner Ban democrats and illegals from owning guns and then we will talk,0,Twitter for iPhone,
Susan Scheerer,554520867,"Kansas City, Missouri USA",2023-01-22 18:19:18,@Arthur59611540 Guns are winning.  People are dying from gun violence.,0,Twitter Web App,
NOMONEYNOVOTE,1551043991805853698,"Kansas City, MO",2023-01-22 16:57:40,@howmanyare2many @grayzonewarlord @RyanGirdusky AMERICAN PRIDE IS WHITE SUPREMACIST CULTURE.... THAT'S HOW YOU END‚Ä¶ https://t.co/zeCIvoevvY,0,Twitter for Android,
Kim AF Brat,279337502,"Kansas City, Missouri",2023-01-22 16:36:18,"@brianklaas @rhaton13 Is the guns, but primarily it‚Äôs the assault weapons. Which Republicans refuse to ban",0,Twitter for iPhone,
Megan Zander,739834999692632064,"Kansas City, MO",2023-01-22 16:25:46,@JoshuaG22764885 @ericareport Broaden your comparison to America vs. other countries and then make that same analys‚Ä¶ https://t.co/8AcC7oVECG,0,Twitter for Android,
Andy Maidment,1512074047600832527,"Kearney, MO",2023-01-22 16:11:51,@GarrettMottle @SenSanders No guns allowed in schools and clubs. If you'd actually read my tweet you would come up with a better argument.,0,Twitter for Android,
Ginny Newman,316229423,"Overland Park, KS",2023-01-22 16:08:42,@nathaliejacoby1 Guns,0,Twitter for iPhone,
Dave Thomas,69366271,"Grandview, MO 64030",2023-01-22 16:05:11,"Bad people do bad things with guns, or knives, or any other thing available to accomplish their violent intentions,‚Ä¶ https://t.co/XMI3CnHOBa",0,Twitter Web App,
Darrell Kramer,1519427691702886400,"Excelsior Springs, MO",2023-01-22 15:50:51,@edgould64 Planned. By you know who. The ban guns mob are always up to bull shit. https://t.co/YNQ8XizKhp,0,Twitter for iPhone,
Andy Maidment,1512074047600832527,"Kearney, MO",2023-01-22 15:49:14,"@SenSanders It's interesting that these seem to take place in places where guns aren't allowed. New York, Californi‚Ä¶ https://t.co/eJ57NP8Uho",0,Twitter for Android,
rob huang,943257067,,2023-01-22 15:27:46,"@Kristenb23 Truly sad.  I heard about it and to be honest, the first thought I had was not hate crime but rival gan‚Ä¶ https://t.co/zUQY7LuGwb",0,Twitter for iPhone,
Rob Carson,19765803,"Kansas City, MO",2023-01-22 15:11:38,"How 'bout a wholesale raid, guns drawn with ALL LEGAL COUNSEL ushered out of each location like this aholes did at‚Ä¶ https://t.co/Pe65t2kDGu",0,Twitter Web App,
OSU1984,1334852045636046849,"Shawnee, KS",2023-01-22 14:34:14,@TheRichFromCali You are right ! Ban dems from owning guns !,0,Twitter for iPhone,
Mark Trued,1209364268,"Kansas City, MO",2023-01-22 14:20:20,@ladymitopinion You had me at ban the guns.,0,Twitter Web App,
üÜÇüÜÑüÜÇüÖ∞üÖΩ üÖªüÖ¥üÖ¥,254638362,Somewhere over theüåà,2023-01-22 14:02:03,"@coffee_anytime Involuntary manslaughter. If everyone that handled the gun, checked the gun, that beautiful soul wo‚Ä¶ https://t.co/6kRjFDlhSf",0,Twitter for iPhone,
Jerry Jensen ‚öñÔ∏è,133045349,Kansas City,2023-01-22 13:18:44,The gun lobby and members of Congress it buys are formidable. Seems like accepting $ from an entity that promotes t‚Ä¶ https://t.co/tzmhTMezhn,20,Twitter for iPhone,
Lanista51,1586896624651051008,"Overland Park, KS",2023-01-22 11:42:28,@washingtonpost Banning guns only disarms law biding citizens.   Criminals and crazies that don‚Äôt follow the law th‚Ä¶ https://t.co/UB7fWDS7jX,0,Twitter for iPad,
Constitutional Republic,1348966013916901376,"Leavenworth, Kansas",2023-01-22 10:44:03,@urnameurlastna1 You seruously can't be gullible enough to believe that banning guns will keep criminals from getting them.,0,Twitter for Android,
there are bone s in mE ahhhhhhhh,224043070,"Merriam, KS",2023-01-22 06:21:54,@MiKE_i0S @Walmart nah no walmart I've ever seen has anything in cases except electronics and airsoft guns,0,Twitter Web App,
Biblically Accurate Jackson,69824918,"Olathe, KS",2023-01-22 04:45:07,Minority Report is a good movie with awful CG and is blindingly bright at points. Aside from the Top Guns it also m‚Ä¶ https://t.co/lCKO08vuPx,0,TweetDeck,
Christopher Walsh,1114315662497931265,"Overland Park, KS",2023-01-22 03:52:50,@RnRNationlive @RnRliveRadio Guns N Roses,0,Twitter for Android,
Tinda Zaszcek (she/her),1415641722231697413,Kansas City,2023-01-22 02:31:22,@AndrewMGorham YOUNG GUNS is an interesting franchise because if I saw it for the first time today I'd be annoyed t‚Ä¶ https://t.co/VVCYxRMAIN,0,Twitter Web App,
Dexter's Greenhouse,1514235272053018630,"Kansas City, MO",2023-01-22 00:53:35,@Peter_Grinspoon If you believe in gun control it is because you haven't thoroughly researched it. The more you kno‚Ä¶ https://t.co/70uotE03Q8,0,Twitter for Android,
"Alex Kolster, M.M.E.",46316721,"Kansas City, MO",2023-01-22 00:15:59,"Enough with the faux outrage, @GovParsonMO. Guns are a bigger threat to our children than a drag show. I know tweet‚Ä¶ https://t.co/wkIdEA1qUe",0,Twitter for iPhone,
Jay Elder,798862858666803200,"Kansas City, MO",2023-01-21 23:42:22,@ReturnofR Anything by Guns n Roses,0,Twitter for iPhone,
Norman W Merritt,491917016,Kansas City,2023-01-21 22:04:43,@bluedoglatino @ericareport I disagree. During the 1940‚Äôs in Germany the government was the only one that had guns.‚Ä¶ https://t.co/UuTLtewche,0,Twitter for iPhone,
Norman W Merritt,491917016,Kansas City,2023-01-21 22:02:37,@MagicianRoogna @ericareport I Can. To defend yourself from the other guy with equal or greater arms. The musket wa‚Ä¶ https://t.co/wwr8ljeJgO,0,Twitter for iPhone,
Alexander Thomas üá∫üá≤,1594539914137403392,"Smithville, MO",2023-01-21 21:42:45,@ericareport Nope. Everything I saw and watched has led me to believe he was just defending his life from a bunch o‚Ä¶ https://t.co/oLekGezBfM,0,Twitter for Android,
KCsportsfan03,1482813364321632261,"Kansas City, MO",2023-01-21 21:03:09,@TedBryant @hodgetwins Get your guns ready,0,Twitter for iPhone,
KCsportsfan03,1482813364321632261,"Kansas City, MO",2023-01-21 20:37:04,@SydneyLWatson Gets your guns ready,0,Twitter for iPhone,
Jared Lund,1462588210182344714,"Overland Park, KS",2023-01-21 19:30:05,@bkharrellauthor @Steven_W_Sloan @ericareport The US isn‚Äôt the only place on earth where you can get guns. But it I‚Ä¶ https://t.co/5ZBvEW6Q07,0,Twitter for iPhone,
RDP,1542831952234946560,"Kansas City, MO",2023-01-21 19:03:36,@JkdjeffNye This really illustrates the ignorance of Democrats. They want to defund police and take guns out of law‚Ä¶ https://t.co/PuUQP3Pcwl,0,Twitter for iPhone,
Alexander Thomas üá∫üá≤,1594539914137403392,"Smithville, MO",2023-01-21 19:00:30,"@RyannMcEnany Well, if you aren't self sustaining - we will fall since that's what the govt. Aims to do. If you are‚Ä¶ https://t.co/n6OahW3cg6",0,Twitter for Android,
Mike Green,2962721054,"Kansas City, MO",2023-01-21 18:00:49,@hollingswordy @VaughnBrandon85 @UmEarth2Chelsea In my city 2 guys go into a gas station with mask and guns to rob‚Ä¶ https://t.co/b0qZTDETlR,0,Twitter for Android,
LGBTQ Commission of Kansas City,1387158796104048641,"Kansas City, MO",2023-01-21 17:18:17,"At our LGBTQ+ Town Hall, the issue of safety and security was the number one issue for folks. 

Safety in our space‚Ä¶ https://t.co/CVayOt6sge",0,Twitter for iPhone,
Jeremy Danner,95260252,Kansas City,2023-01-21 16:22:59,What if drag queens dressed up as guns? Would Missouri legislators like them more?,15,Twitter for iPhone,
marcel,940342080,,2023-01-21 16:13:23,"@ericareport Also, get rid of open, conceal and carry. Go skeet shooting, go hunting, go to the firing range. When‚Ä¶ https://t.co/7gvfLkoTPh",0,Twitter for iPhone,
Z Gunslinger78,388386553,"Kansas City, KS ",2023-01-21 15:50:22,Franchi #12Gauge W/00Buckshot üí•üí•üí•üî•üî•üî•üõéÔ∏èüõéÔ∏è #Franchi # https://t.co/FKVzfRotoY via @YouTube @Franchi_USA @Benelli_USA‚Ä¶ https://t.co/kGzFj6dzPj,1,Twitter for iPhone,
Daniel Scharpenburg,1447458626,"Parkville, MO",2023-01-21 15:07:27,@BenBakerMO You‚Äôd be cooler if you wanted to protect kids from guns.,0,Twitter for iPhone,
Linda says RELAX,2420935830,"Kansas City, MO",2023-01-21 14:03:51,"@celesteannnette @AGAndrewBailey Schools are scary places because kids are dying en masse from guns. Hey, but let‚Äôs‚Ä¶ https://t.co/94dmgCHgPb",0,Twitter for iPhone,
Z Gunslinger78,388386553,"Kansas City, KS ",2023-01-21 12:57:43,BlackRain 5.56 W/ Mag Changesüî•üî•Making it Rain üåßÔ∏è üí•üí•üî•üî•üõéÔ∏èüõéÔ∏èüõéÔ∏è https://t.co/gvXtHrRprb via @YouTube @NRA_Rifleman‚Ä¶ https://t.co/Yo6gukrEXI,0,Twitter for iPhone,
Kim AF Brat,279337502,"Kansas City, Missouri",2023-01-21 08:33:23,@RepBoebert @StudentsforLife Nobody who worships guns is pro life GFY,0,Twitter for iPhone,
jjwagner,1255609333762740227,"Olathe, KS",2023-01-21 06:59:39,@RobSchneider üôÑü§¶üèº‚Äç‚ôÇÔ∏è sure‚Ä¶you‚Äôll need those guns in the event of a fabricated scenario where the government storms‚Ä¶ https://t.co/0pIP8ZCCyE,0,Twitter for iPad,
Kenneth,2945695176,Kansas City,2023-01-21 06:13:57,@RepKClark Guns already ARE banned from public schools... Do you not know the current state of the gun laws?,0,Twitter Web App,
Ben Cunningham,49822735,"Kansas City, MO",2023-01-21 04:55:53,"@SNFonNBC @Jaguars There is just a bunch of concrete around Arrowhead. Just sayin'

And if a bunch of real big cats‚Ä¶ https://t.co/naEKAI08SK",0,Twitter Web App,
Jan,1278962023964041217,64030,2023-01-21 04:54:57,@LagoonRob @AmerSave @NahBravoNah Lies. A 16 year old can't get a gun legally. They would have to steal it. We have‚Ä¶ https://t.co/2U679xdwAS,0,Twitter Web App,
OSU1984,1334852045636046849,"Shawnee, KS",2023-01-21 04:24:16,@ericareport Ban Democrats from owning guns and watch the school shootings end!,0,Twitter for iPad,
Scott O,1656594770,"Kansas City, MO",2023-01-21 00:48:51,@GovParsonMO You should be deeply concerned about guns in schools instead,0,Twitter for iPhone,
"Reverend N√•ch√∏, Esquireüéô",1187124512699113474,Kansas City,2023-01-21 00:06:18,"@SullyChiefs As a kid whose stepdad was stupid abusive to my mother and me, nah, go ahead and send the damn cops.‚Ä¶ https://t.co/bUw9EMYGu0",0,Twitter for iPhone,
Etienne Sallade,1570662728963956737,"Kansas City, MO",2023-01-21 00:04:14,"@itsJeffTiedrich If an actor purposefully discharging a gun he didn't properly inspect, after previously mishandlin‚Ä¶ https://t.co/XQbyMpbJvp",0,Twitter for Android,
Gregs Benedict,14347598,"Kansas City, MO",2023-01-20 21:48:30,"Batman hates guns, Spider-Man is all about responsibility, Animal Man is vegan; the core stays consistent, but it d‚Ä¶ https://t.co/MgzPNKIuiS",0,Twitter for Android,
Bubbletrousers,1511074724566245388,"Kansas City, MO",2023-01-20 20:48:25,@RepKClark because the cultural depravity therein leads to people using those guns on innocents.,0,Twitter Web App,
Josh Shepard,1364021280211632130,"Olathe, KS",2023-01-20 20:47:32,"@johnrich So, you admit that parents whose children take their guns and kill people should be held liable for their negligence? Cool.",0,Twitter for Android,
Mike Semper Fi.,1328009925038051330,"Kansas City, MO",2023-01-20 20:28:18,@REAL_CUEBALL @AlecBaldwin So not true. Not sure u own any guns ?  But rule number one.  Always check firearm. When‚Ä¶ https://t.co/CWG4KSdQ7p,1,Twitter for iPhone,
Kathy Richardson,42481188,"Overland Park, KS",2023-01-20 19:28:09,"https://t.co/OJ8z4WRkGC
Come on Kansas City! Put your guns down!",0,Twitter for Android,
üê∑üê∂,22673600,Kansas City,2023-01-20 19:06:42,@SportsPhreak71 Cause guns are more important to God,0,Twitter for iPhone,
Jeff Brack,1234183618941083648,"Prairie Village, KS",2023-01-20 18:57:19,@jaymon10002 @pdivision That 500 murders is because we have too much poverty and too many guns. Not because of some‚Ä¶ https://t.co/p0nlteSS4w,0,Twitter for Android,
beautifulblackbarbie,3102133398,"North Kansas City, MO",2023-01-20 18:37:58,@MayorLucasKC  there was a shoot out in the laundry mat and I hate people use these guns on people,0,Twitter for iPhone,
kaden m,1454865611343990788,Updraft from a tornado,2023-01-20 17:28:52,"@SquidWX @BrianAllenWX @OzarkChasers Case in point. Unless the parent teaches the kid everything about guns, they s‚Ä¶ https://t.co/qBajdPcbbx",0,Twitter for iPhone,
Amy Axtell text SOCIAL to 644-33,16806337,Kansas City Missouri,2023-01-20 16:46:51,@GunDeaths The myths &amp; fear mongering that demand guns everywhere for ‚Äúdefensive use‚Äù is clearly BS when you see these maps.,0,Twitter for iPhone,
Amy Axtell text SOCIAL to 644-33,16806337,Kansas City Missouri,2023-01-20 16:15:20,"Missouri‚Äôs ever-loosening-gun-laws enabled a school shooting.

‚ÄúThis is about law enforcement who went to do their‚Ä¶ https://t.co/fSZ4uvgbse",5,Twitter for iPhone,
Z Gunslinger78,388386553,"Kansas City, KS ",2023-01-20 16:10:51,Old Glory üá∫üá∏ is still waving in this Kansas Wind üí® #firingrange #gunrange https://t.co/LkQxWdudeZ via @YouTube‚Ä¶ https://t.co/26yMMJkj8u,2,Twitter for iPhone,
Z Gunslinger78,388386553,"Kansas City, KS ",2023-01-20 16:01:16,Black Rain w/Mag Changes üí•üí•üõéÔ∏èüõéÔ∏èüî•üî• #blackrain #rifle #guns #firearms https://t.co/DBQTAqZpzQ via @YouTube‚Ä¶ https://t.co/AF54A9AwqU,2,Twitter for iPhone,
Gavin Fritton üá∫üá¶,17052728,"Overland Park, KS",2023-01-20 15:56:24,"You guys are not gonna believe this, but there's a jackbooted thug at my door. Says he was sent by Obama and is here for my guns.",0,Twitter Web App,
Swarley,54694282,"Olathe, KS",2023-01-20 14:47:14,@SenRickScott So are we cutting our gun budget or food budget? Food. We need our Guns‚Ä¶ Democrats focus on dumb stuf‚Ä¶ https://t.co/OfPJFGutsF,0,Twitter for iPhone,
üá∫üá∏ Defend The Constitution,304767486,"Overland Park, KS",2023-01-20 14:29:41,"@cmublock61 @Patigrl And in my hometown area of Mississippi, I can drive through many areas that look exactly like‚Ä¶ https://t.co/cTe8FHFMeC",0,Twitter for iPad,
Daniel Scharpenburg,1447458626,"Parkville, MO",2023-01-20 13:50:47,I will always wonder why movies didn‚Äôt stop using real guns forever after Brandon Lee died.,1,Twitter for iPhone,
rockcampbell,718373,"Kansas City, MO",2023-01-20 13:22:51,@ClownWorld_ If a person doesn‚Äôt know anything about guns why would they ever handle one?,0,Twitter for iPhone,
The Sweet Smell You Adore,18453309,"Kansas City, MO",2023-01-20 13:11:55,@Tarantical I got a reply to one of my tweets trying to sell me guns. üòÜ,0,Twitter Web App,
Scott Rogers,526035009,"Stilwell, KS",2023-01-20 11:54:35,@Thora_Strong1 But is she smiling or asking how her guns look?,0,Twitter for Android,
KC Rulez,289178889,"Overland Park, KS",2023-01-20 06:19:52,@CPrivano @RitaPanahi @YALiberty Every district has good sections but I would put any amount of money you wanted th‚Ä¶ https://t.co/4prxRMgwAX,0,Twitter for iPhone,
FluffyBallsSports,282595902,Kansas City,2023-01-20 05:15:14,@HolderStephen It comes down to personal responsibility for one‚Äôs actions. He should have test fired it himself aft‚Ä¶ https://t.co/33wkPmduSL,0,Twitter for iPhone,
KC Rulez,289178889,"Overland Park, KS",2023-01-20 05:04:05,"@amalaekpunobi Genuine questions. Have you ever shot a gun, what do you know about guns, can I take you to shoot on‚Ä¶ https://t.co/ifra5pBOmp",0,Twitter for iPhone,
KC Rulez,289178889,"Overland Park, KS",2023-01-20 04:44:48,"@MerrittStyles @SydneyLWatson @amalaekpunobi That‚Äôs your opinion, families are different.  I was shooting at a very‚Ä¶ https://t.co/s97E2StsE8",0,Twitter for iPhone,
KC Rulez,289178889,"Overland Park, KS",2023-01-20 04:38:49,"@amalaekpunobi Exposing isn‚Äôt a bad thing either, I was shooting guns at that kids age.  Being taught respect and r‚Ä¶ https://t.co/2BqArT8nDD",0,Twitter for iPhone,
@MonicaPantoja-Fuentes15 (Mrs.) NO DM's,3316231015,"Kansas City, MO",2023-01-20 03:32:20,@BrownsFreak51 They should be investigating the person who loaded the guns. Prop man.??,0,Twitter for Android,
FOX4 News Kansas City,6817432,"Kansas City, Mo.",2023-01-20 03:15:15,The Transportation Security Administration has seen a rise in the number of guns found in carry-ons at KCI over the‚Ä¶ https://t.co/1eEBjAMlAF,1,TweetDeck,
ùôπùöûùöïùöéùöú ‚òïÔ∏è ùô≥ùöíùöóùöéùöõ¬©,331645566,Kansas  City,2023-01-20 02:25:33,"@AConcernedPare2 Guns of Thunder: Faith &amp; Freedom, Book 1 (Faith and Freedom) https://t.co/uB7mI7EFsL by Douglas Bo‚Ä¶ https://t.co/rOaR4dFmzj",0,Twitter for iPhone,
Sean Jam,756539676584968192,"Kansas City, MO",2023-01-20 02:18:17,@GuntherEagleman Have two or three good guns and SARP. Then go out and buy a shit load of ammo.,0,Twitter for Android,
Tim Stark,124595135,"Kansas City, MO",2023-01-20 01:55:06,@itsJeffTiedrich Alec shot an unarmed woman by being careless &amp; stupid while glorifying guns. Kyle shot people chas‚Ä¶ https://t.co/kEwGZwIbNg,0,Twitter Web App,
StinaG,1859067343,"Kansas City, MO",2023-01-20 01:02:46,@LauraBockov Baldwin's worked with guns before. In one of his interviews afterward he even details the differences‚Ä¶ https://t.co/ClFWbT67gr,1,Twitter for Android,
Charles Jay,188621717,"Kansas City, MO",2023-01-20 00:49:09,@BaconShark Duels won‚Äôt work because there‚Äôs nothing people with guns are more afraid of than other people with guns.,0,Twitter for iPhone,
Becky Meili,485935518,"Gardner, KS",2023-01-20 00:39:53,@offtrackbets @8dollarbluechek @pastorlocke @StephenKing They are an island nation. Probably quite hard to smuggle in guns.,0,Twitter for Android,
Joey Greene,1110305983207796738,Kansas City,2023-01-20 00:28:59,@wyonaf Yep. How long until those are left out in the yard or at the bottom of the toy box with the nurf guns?,0,Twitter Web App,
Existential Mushroom,3302161042,Kansas City ,2023-01-19 22:02:27,"@guncollective Guns outnumber people 120 for every 100.

""You can't uninvent, so educate."" Me",0,Twitter for Android,
JJ,290715830,,2023-01-19 19:23:58,"Slept on couches, sold drugs, been an addict, been stuck in the legal system, lost family/friends, had guns pulled‚Ä¶ https://t.co/W4NqNsIqTr",0,Twitter for iPhone,
Bart Ward,726844262541725696,"Overland Park, KS",2023-01-19 19:10:52,"@DocCoyle @RC_PhotoDMR @ESPGuitars Sun's out, guns out, my dude. üòâ",0,Twitter for Android,
KC Sports Nut,907060523908431873,"Kansas City, MO",2023-01-19 18:52:50,@midpackergeek @mmpadellan I take it by your question that you have never seen a movie. I implore you to look away‚Ä¶ https://t.co/rtJfyrDTVO,0,Twitter for iPhone,
T in KC,76449496,"Kansas City, MO",2023-01-19 18:09:23,America: Republicans have been saying ‚Äúthe left is coming for your guns‚Äù for about 40 years. Reality is we have mor‚Ä¶ https://t.co/7mdxJQqb5b,3,Twitter for iPhone,
Dale-ish Johnson,49645416,"Kansas City, MO",2023-01-19 18:09:09,@rlj101767 @Galileo242 @MuellerSheWrote It‚Äôs a prop gun. It doesn‚Äôt matter if the trigger is pulled since only blan‚Ä¶ https://t.co/i4FAXZOwU6,0,Twitter for iPad,
Huh?,186455634,Arrowhead stadium,2023-01-19 16:44:50,@JoJoBearDog @Phil_Lewis_ I do know how guns work though and this wouldnt have happened to me.,0,Twitter Web App,
Gavin Fritton üá∫üá¶,17052728,"Overland Park, KS",2023-01-19 16:36:20,"You gotta admit, it would be a brilliant surprise move if Obama came to take our guns tonight.",0,Twitter Web App,
The Hand,88034359,"Kansas City, MO",2023-01-19 15:08:56,@bear_dontcare @QuintonLucasKC If @QuintonLucasKC had any common sense he would know that ppl don't replace guns li‚Ä¶ https://t.co/HQnP28zltL,0,Twitter for Android,
Station,15271398,basehor kansas,2023-01-19 15:02:50,Guns N' Roses - It's So Easy https://t.co/EP0yUSayJc via @YouTube,0,Twitter Web App,
Mayor Q retweets,1509320595086917636,"Kansas City, MO",2023-01-19 14:48:07,"You can't pick up someone else's phone and start using it, but you can pick up anyone's gun and cause harm to yours‚Ä¶ https://t.co/c9aQ4lVVlH",0,Twitter for Android,
Mayor Q,2674399544,"Kansas City, Missouri",2023-01-19 14:45:59,"You can't pick up someone else's phone and start using it, but you can pick up anyone's gun and cause harm to yours‚Ä¶ https://t.co/QxteJOSxkT",67,Twitter Web App,
Anon üåæüåæüåæüåæ,297113158,"Lenexa, KS",2023-01-19 14:22:30,@checkmatestate Not a big fan of his stance. The isoceles stance causes a lack of balance backwards and and with a‚Ä¶ https://t.co/tylxgBPuJ9,0,Twitter for Android,
Morgan,60915637,"Kansas City, MO",2023-01-19 14:05:19,"In 2021 alone, just four manufacturers accounted for over HALF of recovered guns used in crimes across 31 cities.‚Ä¶ https://t.co/6l4Q3wLGOJ",1,Twitter for iPhone,
Chris Lewis (Pretzelbear),901198463932784640,"Shawnee, KS",2023-01-19 14:02:14,"@ShadowKhan2k22 @AceKaller I mean, when I'm making a Shadowrun Samurai, I almost always take three types of rifles,‚Ä¶ https://t.co/RipOk39P5v",0,Twitter Web App,
Kev,46575712,"Kansas City, Missouri, USA",2023-01-19 14:01:41,"People can hate Alec Baldwin all they want, but as an actor who has fired guns on screen this could have happened t‚Ä¶ https://t.co/z7OnI7mE50",9,Twitter for iPhone,
Patriotmommabear,1149001810465570816,"Kansas City, MO",2023-01-19 13:54:58,@ZaleskiLuke @RepMTG This narrative is weak and untruthful. How much are you getting paid to spread lies? If Trump‚Ä¶ https://t.co/Isqhik5lWP,0,Twitter for Android,
cadicusthedamned,75827949,"Kansas City, MO",2023-01-19 13:14:18,"@ksorbs Hey Kev, what role does progesterone play in the female reproductive system? Maybe you should let women con‚Ä¶ https://t.co/Tak8qyFeB1",0,Twitter for Android,
ibimiracles.,4198699342,"Kansas City, MO",2023-01-19 09:49:28,@pastorlocke @StephenKing Guns dont kill people. They protect people. I used to listen to you. No more.,0,Twitter for Android,
Eddie Gleason,90946636,"kansas city,missouri",2023-01-19 09:46:24,Rittenhouse made a juvenile decision &amp; now face the consequences of retaliation. RWers aren't loyal w/their friends‚Ä¶ https://t.co/7j38O1lydu,1,Twitter Web App,
‚öñ MC in KC üá∫üá¶üíôüíõüåªüöú,749857962,"Independence, MO",2023-01-19 06:10:40,"@haileymariep92 @endthemaddness @shannonrwatts He didn't have to use black market.  He removed the guns. 
https://t.co/xvxwoXTBL4",0,Twitter for Android,
Sean Stiggers,816099992,"Kansas City, MO",2023-01-19 06:05:08,@rdrlkrbby2 My dad introduced me to guns at a young age as well...we weren't doing stuff like this but he never hid‚Ä¶ https://t.co/WVlgnkGFbe,0,Twitter for Android,
Ryan,1107814465276428291,Kansas City,2023-01-19 05:26:21,@hiphilary @NickAdamsinUSA First of all Nick Adams is a bit. He‚Äôs playing a character. Like a ‚Äúbad guy wrestler‚Äù. N‚Ä¶ https://t.co/57WRpRnPaU,0,Twitter for iPhone,
Existential Mushroom,3302161042,Kansas City ,2023-01-19 03:41:32,"@billyjacklf @ProudElephantUS Because guns don't kill people, climate change does!",0,Twitter for Android,
Adam Hartzell,769882554,"Kansas City, MO",2023-01-19 03:20:04,@MikeMiss25 Resorting to accidental shooting rates to justify this? What is the homicide rate in the highest regula‚Ä¶ https://t.co/lJlPfhb455,0,Twitter for Android,
Michael Schmaltz,544009108,"Overland Park,Kansas",2023-01-19 02:57:28,@KatiePavlich The Five should not be allowed to talk about guns when you are not there.,0,Twitter for iPhone,
Katie üí™üèΩüåª‚ù§ Kansas: Forever the Free State,1095863415271317506,"Lenexa, KS",2023-01-19 02:29:54,It's the fucking guns https://t.co/H0X2dWwgKG,0,Twitter for Android,
Chrissy Mullen,1159977645087559680,"Olathe, KS",2023-01-19 01:33:17,@RealMattCouch Where are the parents of this girl &amp; the gang of girls who blocked the hallway?  #Leftists wonder wh‚Ä¶ https://t.co/bwP8clk49X,0,Twitter for iPhone,
tsl2018,152426880,"Kansas City, MO",2023-01-19 01:30:22,"@crockpics ""Lawyers, Guns and Money"" https://t.co/RRfDzuvmTF",0,Twitter for Android,
Donavan Ginnings,221095151,"Kansas City, MO",2023-01-18 23:34:39,"@CitizenAmedia @checkmatestate Yep! We were handling guns at a very young age, my brother and I knew not to touch t‚Ä¶ https://t.co/UahQRG6Q1y",0,Twitter for iPhone,
Amy Axtell text SOCIAL to 644-33,16806337,Kansas City Missouri,2023-01-18 22:41:34,"@CodyKMBC Students &amp; Teachers &amp; Most Parents already know that ‚Äòschool safety‚Äô isn‚Äôt the issue.
The school WAS secu‚Ä¶ https://t.co/rZZUTKao87",0,Twitter for iPhone,
Cody Holyoke,2571621595,"Kansas City, MO",2023-01-18 21:58:55,Gov. Parson acknowledges tragedy of October shooting at Central Visual and Performing Arts High School in STL. Want‚Ä¶ https://t.co/wgx42KIhQx,14,Twitter for iPhone,
Josh Faust,389037656,"Kansas City, MO",2023-01-18 21:39:05,@ksorbs I do know. However does your brain process the ability to understand that not knowing this changes nothing about guns? No.,0,Twitter for iPhone,
Michael Schmaltz,544009108,"Overland Park,Kansas",2023-01-18 20:09:02,@GeraldoRivera Why don‚Äôt you know anything about guns Mr.war correspondent ?,0,Twitter for iPhone,
dammit,1233934916489969665,"Kansas City, MO",2023-01-18 19:41:13,@ProtonInspector Guy holding 8 guns watching a tomahawk missile fired from the USS Antietam bearing down on his Hou‚Ä¶ https://t.co/BYybbunzd3,18,Twitter for iPhone,
Sholt1,1545760320685228033,"Kansas City, MO",2023-01-18 17:35:20,@Jim_Jordan Well they haven‚Äôt taken the guns or the stoves. But you know what many states have taken from folks? A‚Ä¶ https://t.co/pCKunfOKZp,0,Twitter for iPhone,
Sam Dawson,238263041,"Kansas City,Mo",2023-01-18 17:30:24,@StudentsDemand Teach kids the benefits of gun ownership and how to be a responsible gun owner. AR15s and high cap‚Ä¶ https://t.co/JTcSL8915E,0,Twitter for Android,
The Monster +,36689123,"Kansas City, KS",2023-01-18 17:08:07,"@kwsargent @FormerlyCBM The limiting principle is that if you don't want to do it, you don't take the job.  If some‚Ä¶ https://t.co/fYWWvDcoYm",0,TweetDeck,
Grind House Basketball,1950455869,"Kansas City, MO",2023-01-18 16:31:29,@RTNBA Did you really have to use the word YOUNG GUNS ü§£ü§£,0,Twitter for iPhone,
MeLiNdA,161734081,Kansas City,2023-01-18 14:35:23,@nathaliejacoby1 Guns,0,Twitter for iPhone,
Xecutioner,820819233722560512,"Kansas City, MO",2023-01-18 14:34:31,@WoodrowForCO @ksorbs Your a beta male democrat... You got no room to talk... Come door to door personally and try‚Ä¶ https://t.co/mB786PP0CG,0,Twitter for Android,
Xecutioner,820819233722560512,"Kansas City, MO",2023-01-18 14:33:05,@shaun_obanion @ksorbs You should personally go door to door to collect them... And u can't be armed or have police‚Ä¶ https://t.co/4BveghZh9v,0,Twitter for Android,
Joel Tepliid,15234962,"Kansas City, MO",2023-01-18 14:29:56,"@MichaelJStern1 Maga probably 

#0 - Chinese and Fauci engineered an avian flu virus to kill chickens

#4 - somehow‚Ä¶ https://t.co/s5kk9lp10B",0,Twitter for iPhone,
Sholt1,1545760320685228033,"Kansas City, MO",2023-01-18 14:11:11,@BenBakerMO What are your thoughts about the 6 year old who took a gun to school and shot his teacher? What is wron‚Ä¶ https://t.co/WQdFVu4ibD,0,Twitter for iPhone,
Paul Robert Smith II,1677354350,"Kansas City, MO",2023-01-18 11:10:21,@sayWORD93 Guns ain't to be played with! -fin-,0,Twitter for Android,
GrainOverGrit,1275311598647816193,"Kansas City, MO",2023-01-18 09:45:28,@CraigTheBrute69 @dot3x3q @gunpolicy Even if you don‚Äôt buy into the argument that it‚Äôs a stepping stone to govt con‚Ä¶ https://t.co/UGCYGnckey,0,Twitter for iPhone,
Terry Smith,1553493676659249152,"Kansas City, MO",2023-01-18 04:30:10,@Leenhart @american2084 What's an assault weapon? So there are guns out there that can't be used for assaulting someone??,0,Twitter for Android,
Amy Axtell text SOCIAL to 644-33,16806337,Kansas City Missouri,2023-01-18 03:09:58,"@shannonrwatts There are always red flags.
üö©üö©üö©
Felony Domestic Violence charges should NEVER be plead down in court‚Ä¶ https://t.co/X1LpxdU4yC",18,Twitter for iPhone,
OSU1984,1334852045636046849,"Shawnee, KS",2023-01-18 02:56:33,@StudentsDemand Ban democrats from owning guns‚Ä¶Is that far enough?,0,Twitter for iPad,
Rich Curtis,780584262676254720,"Olathe, KS",2023-01-18 01:41:20,"@ksorbs We can comment about anything we like. My kids are more important than your guns

#guns #MDA",0,Twitter for Android,
Alex,1000401740921962497,"Independence, MO",2023-01-18 01:24:19,"@jeffleach Personally had fun in the beginning a good fast TTK, slower movement, no streamline meta almost all the‚Ä¶ https://t.co/ZNroNXqTZd",0,Twitter for iPhone,
Jan Girando,734892128,"Leawood, KS",2023-01-18 00:47:15,No. Just no. Don‚Äôt market automatic weapons to kids. Or any other guns. https://t.co/GFGlcDkONx,0,Twitter for iPhone,
Joey Greene,1110305983207796738,Kansas City,2023-01-18 00:06:08,@LauraAnnSTL @MomsDemand @Everytown Guns are dollars to them. They aren‚Äôt human shredders they are just a product.‚Ä¶ https://t.co/imBKIKqdRE,0,Twitter Web App,
Amy Axtell text SOCIAL to 644-33,16806337,Kansas City Missouri,2023-01-17 23:56:49,"@nssfshotshow @USCCA üõë STOP Using fear-based ads 
to sell guns.
üõë STOP Marketing weapons of war to civilians.
üõë STO‚Ä¶ https://t.co/KFnK0qyHeR",9,Twitter for iPhone,
"‚ú®New Year, New Look, New Paige‚ú®",863486894105088000,"Kansas City, USA",2023-01-17 21:26:39,"Lemma call Quinta, Only Murders bringing out the big guns next season... we need Angela &amp; Viola on Abbott right NEO‚Ä¶ https://t.co/k74maQ8IU1",0,Twitter Web App,
Ginny Newman,316229423,"Overland Park, KS",2023-01-17 21:03:39,@nathaliejacoby1 Guns,0,Twitter for iPhone,
B,1349695454808829957,"Kansas City, MO",2023-01-17 20:02:48,@Piers42 @HisCromulency @MagitekDad @KahliefAdams and i‚Äôm a former infantry marine who has never had guns in his ho‚Ä¶ https://t.co/huXGroV5iV,0,Twitter for iPhone,
B,1349695454808829957,"Kansas City, MO",2023-01-17 20:01:43,@Piers42 @HisCromulency @MagitekDad @KahliefAdams there are more guns than people in the united states. teaching yo‚Ä¶ https://t.co/7KEeVKEh4r,0,Twitter for iPhone,
Brett Akagi,18591967,"Kansas City, MO",2023-01-17 19:20:47,TSA confiscated record number of guns from airline passengers in 2022 https://t.co/RGsaxGrmn7 via @CBSPolitics,0,Twitter Web App,
VorMaeN,935933148310929408,"Gladstone, MO",2023-01-17 17:01:45,"@yeeyee1984 @MissJ3245 @american2084 As in gas powered, rotating bolt style rifle? Please tell me that you know mor‚Ä¶ https://t.co/biE6ij50D6",0,Twitter for Android,
The Bandelorian II,39495430,"Kansas City, MO",2023-01-17 16:26:23,"Imma be honest‚Ä¶invol, 30 days, 5 year probation, no guns.  Would be reasonable.  You can‚Äôt rob people, but as some@‚Ä¶ https://t.co/IQWQwN0z7j",0,Twitter for iPhone,
Mr. Crouton ‚úåüèº‚ù§Ô∏èü•®,328765024,Kansas ,2023-01-17 16:04:48,@ChrisPB14212662 @MikeLoychik Guns have existed for a minuscule portion of earth‚Äôs history and therefore cannot be‚Ä¶ https://t.co/Ucqt18nYIf,0,Twitter for iPhone,
Brandon Talbert,710162656376664064,"Independence, MO",2023-01-17 14:58:19,@RossiCJohn @LePapillonBlu2 Tell me you know nothing about guns and gun laws without telling me you know nothing about guns and gun laws,0,Twitter for iPhone,
M. Beth Dennis,77183039,"Kansas City, Missouri",2023-01-17 14:46:04,"@GOP Making people worried about socialism, but it's Capitalism that steals their pension, takes away their savings‚Ä¶ https://t.co/sAdyjuc6uj",0,Twitter for Android,
Mike,22672549,"Olathe, KS",2023-01-17 14:03:27,@justinjarrett Definitely. As a person who owns a few guns this shit pisses me off more than words can describe. Ju‚Ä¶ https://t.co/Oq7OgYe1f0,0,Twitter for iPhone,
Semi-pro Snarkist üá∫üá¶,810889655285583872,"Kansas City, MO",2023-01-17 14:01:38,"Gee, do ya think maybe it‚Äôs too easy for the WRONG PEOPLE to get guns.??? https://t.co/RfUs2jzGJU",1,Twitter for iPad,
Rickey,1312079858525188098,"Kansas City, MO",2023-01-17 12:45:32,"Came across a twitter dedicated to showing videos of people getting killed with guns, just a reminder in how crazy this world can be.",0,Twitter for iPhone,
KC Rulez,289178889,"Overland Park, KS",2023-01-17 12:41:19,"@Kaas_Piraatje @d4rktidings @axorphanidis @CollinRugg USA Military is voluntary, of course they won‚Äôt pick up guns‚Ä¶ https://t.co/GnVAz9BlXi",0,Twitter for iPhone,
Z Gunslinger78,388386553,"Kansas City, KS ",2023-01-17 12:37:49,Black Rain 5.56 w/Mag Changes üí•üí•üõéÔ∏èüõéÔ∏èüî•üî• #guns #blackrain #firearms #rifle... https://t.co/1LLSydskri via @YouTube‚Ä¶ https://t.co/kKm5NizlAM,3,Twitter for iPhone,
WadeRyun,1331455467185430533,"Kansas City, MO",2023-01-17 12:23:42,@american2084 No im American and love guns,0,Twitter for Android,
Kim Schultz,3883236193,"Overland Park, KS",2023-01-17 12:17:38,@13Troll13 @RealPatriotPart @ericareport Umm he said it under OATH-sworn testimony called a deposition. Are we now‚Ä¶ https://t.co/BE4NrbxK5F,0,Twitter for iPhone,
michael hulbert,782583261297987584,"Independence, MO",2023-01-17 10:42:04,in Missouri the politicians become stimulated when they see woman's arm's and i don't mean guns,0,Twitter Web App,
jesuswasaturtle,474237960,"Kansas City, MO",2023-01-17 10:02:20,@bryans_dope1 @cragleton @CODMW2Informer You don't need to pay for the season pass bud. The maps and guns are free.‚Ä¶ https://t.co/zNAlw7YVl7,0,Twitter for Android,
jesuswasaturtle,474237960,"Kansas City, MO",2023-01-17 08:30:53,@bryans_dope1 @cragleton @CODMW2Informer Lol $30 a month for what? The guns and maps are free. If you're paying for‚Ä¶ https://t.co/tfWJEr4kPr,0,Twitter for Android,
jesuswasaturtle,474237960,"Kansas City, MO",2023-01-17 07:48:21,@bryans_dope1 @cragleton @CODMW2Informer And they were just maps. No new guns. Only 10 maps spread out over a year‚Ä¶ https://t.co/8juF6LyxCl,0,Twitter for Android,
Eric Gingell ‚ôàüêçüá∫üá∏,1501265900451680261,"Kansas City, MO",2023-01-17 05:55:45,@OrrChavez @GeorgeTakei The story doesn't line up with the game (e.g. the battery in the show was guns in the game)‚Ä¶ https://t.co/ILy5N1FCIV,0,Twitter for Android,
Tracy Williamson,1512658792827142145,,2023-01-17 04:55:53,"@TheTweetOfRhea Yes and no. My son has many guns and lots of ammo, but we would never do something that stupid. The‚Ä¶ https://t.co/ZqOt5ErsVC",0,Twitter for Android,
Ed Bellamy,1425090370405289989,"Olathe, KS",2023-01-17 04:06:32,@BidensWins I'm not a fan of government taking my guns.,0,Twitter for Android,
Joni Lane,825946830,"Kansas City, MO",2023-01-17 03:09:28,@MikeLoychik There are NO scriptures that mention guns. Even the Constitution does NOT specify the right to bear AR-15s.,0,Twitter for Android,
"Dr. Rabid Individualist, Ph.D",1514283146174418950,"Kansas City, MO",2023-01-17 02:46:19,"@Regimin22 @2A_Freedom My guns haven't killed any children, nor do they intend to. Mainly because guns aren't senti‚Ä¶ https://t.co/lSTbV4NDAL",0,Twitter for Android,
Mama Bruns.We are VICTORIOUS!üá∫üá≤,1176754997083684864,Kansas City,2023-01-17 01:59:47,"@LeftHandedLarue It's just part of the $$ game. Set your price, stick to it and just roll your eyes. 
Me personally‚Ä¶ https://t.co/3BXOcmpH6q",0,Twitter Web App,
Craig ‚ÄúHomer B‚Äù Reed,221831208,"Overland Park, KS",2023-01-17 01:56:23,@johnrich Me too.  We called those boys red necks.  lifted 4x4 s and guns in the window gun racks every damn one.,0,Twitter for iPhone,
KC Rulez,289178889,"Overland Park, KS",2023-01-17 01:55:39,"@axorphanidis @CollinRugg Doesn‚Äôt matter if they excited or not, guns did!  It‚Äôs not related to any sort of arms, just arms",0,Twitter for iPhone,
Ryan Flanigan,277859219,Lee's Summit MO,2023-01-17 01:34:53,@thealainajames @Jim_Jordan We would have two years of her agenda and actions. She flies off the handle. Either of‚Ä¶ https://t.co/hbjU0Yt2EU,0,Twitter for Android,
Jason Alston,20799705,"Kansas City, MO",2023-01-17 00:21:00,"When the din of Pakistan's most notorious weapons market becomes overwhelming, arms dealer Muhammad Jahanzeb slinks‚Ä¶ https://t.co/vYdz6s9ag2",0,Twitter Web App,
#Team178Fats,569583897,Kansas City,2023-01-16 23:57:15,"@TheGrainiac First off in ETN Butt chugging beers is mandatory, followed up with guns and beer, then axe throwing at midnight express.",0,Twitter for Android,
Chris Singleton,2295323292,"Kansas City, MO",2023-01-16 23:55:03,"@MAJTOURE Nope! It's not about guns, people harming one another, but opposite (Love)! You are no different from you‚Ä¶ https://t.co/RPICL9Ub10",0,Twitter Web App,
KC Sports.,261333674,overland park kansas,2023-01-16 23:54:47,@aileysworld He didn‚Äôt say don‚Äôt worry about the government he said you need bigger and better guns.  Not reassuring.,0,Twitter for iPhone,
Chris Singleton,2295323292,"Kansas City, MO",2023-01-16 21:12:37,"@greg_price11 Coming from a guy who has machine guns guarding him, but doesn't want you to have protections!... And‚Ä¶ https://t.co/i9yHMpnPqa",0,Twitter Web App,
üëë,1609946831747747841,"Kansas City, MO",2023-01-16 19:18:27,@SirTweetinton @BrandonMMurphy @THESagerbomb Points way over your head. We were discussing this week. We both have‚Ä¶ https://t.co/mC7hR8BGu6,0,Twitter for iPhone,
Kim AF Brat,279337502,"Kansas City, Missouri",2023-01-16 18:25:51,@RitchieTorres Drinking age varies from state to state and no one should be able to access guns until they are at least 21,0,Twitter for iPhone,
Pallais,16693514,"Kansas City, MO",2023-01-16 17:24:45,That moment when you realize that you had a device to destroy the Champion-level guns outside the bunker protecting‚Ä¶ https://t.co/wSGUJrtN4T,1,Twitter Web App,
The Progressive Christian,825105618973425664,"Blue Springs, MO",2023-01-16 16:40:41,"@PresidentOfDCBP @DissidentRexy @OhmyGaltx2 I do support Red Flag Laws, because people with a history of violence a‚Ä¶ https://t.co/YLVkIbGivv",0,Twitter for iPhone,
2024 Debate Questions (Andrew),1488978109915353089,"Kansas City, MO",2023-01-16 16:31:51,@JoJoFromJerz Guns were given second priority. Next to freedom of speech for a reason.,0,Twitter for iPhone,
Z Gunslinger78,388386553,"Kansas City, KS ",2023-01-16 15:26:20,Black Rain 5.56 w/Mag Changes üí•üí•üõéÔ∏èüõéÔ∏èüî•üî• #guns #blackrain #firearms #rifle... https://t.co/1LLSydskri via @YouTube‚Ä¶ https://t.co/C7nhVfXCBA,3,Twitter for iPhone,
Delvin Sutton,845643304943439872,"Gladstone, MO",2023-01-16 15:14:28,"@Ojeda4America @jjclark3 Great role models for our kids on how to get yourself killed.  Smoke, lie, cheat, steal, s‚Ä¶ https://t.co/aTSVw1Ktqd",0,Twitter Web App,
Joey Greene,1110305983207796738,Kansas City,2023-01-16 14:35:55,@NoLieWithBTC Guns on the house floor don‚Äôt forget mags are gone and so is the fine.,1,Twitter Web App,
Clarke Gable,98241219,"Kansas City, MO",2023-01-16 13:32:17,Don‚Äôt pull no kinda guns to show nobody nothing around me‚Ä¶tf y‚Äôall niggas be on?,0,Twitter for iPhone,
The Progressive Christian,825105618973425664,"Blue Springs, MO",2023-01-16 03:21:34,"@DissidentRexy @OhmyGaltx2 @PresidentOfDCBP Oh, that‚Äôs awesome, now let‚Äôs leave them down while they‚Äôre loaded so t‚Ä¶ https://t.co/24mB9NRB6l",0,Twitter for iPad,
‚öñ MC in KC üá∫üá¶üíôüíõüåªüöú,749857962,"Independence, MO",2023-01-16 01:40:23,"@endthemaddness @shannonrwatts I understand that. He took all actions to be sure he was successful. 
https://t.co/xvxwoXU9AC",1,Twitter for Android,
‚öñ MC in KC üá∫üá¶üíôüíõüåªüöú,749857962,"Independence, MO",2023-01-16 01:35:41,"@Catbe1 @shannonrwatts I understand. If one looks at the whole statement and time line. 
-all adults trained 
-she‚Ä¶ https://t.co/RSR5hVDxE0",0,Twitter for Android,
üá∫üá∏ Defend The Constitution,304767486,"Overland Park, KS",2023-01-16 00:56:36,@davramdavram Is there gonna be room to put all the confiscated stoves in the same place as the confiscated guns?,0,Twitter for iPhone,
